id	a_lo	a_hi	d_lo	d_hi	numerator
1	5663/3600	3	5399983/18360000	20	861923898
2	3503/2880	5663/3600	372599983/36720000	20	865534401
3	3503/2880	5663/3600	127799983/24480000	372599983/36720000	872606719
4	3503/2880	5663/3600	404999881/146880000	127799983/24480000	879830962
5	3503/2880	5663/3600	5399983/18360000	404999881/146880000	897322255
6	2063/2400	3503/2880	372599983/36720000	20	889338719
7	2063/2400	3503/2880	127799983/24480000	372599983/36720000	899076501
8	2063/2400	3503/2880	1171799779/293760000	127799983/24480000	894016511
9	2063/2400	3503/2880	73399983/21760000	1171799779/293760000	891573091
10	2063/2400	3503/2880	404999881/146880000	73399983/21760000	893675727
11	2063/2400	3503/2880	1258199507/587520000	404999881/146880000	894445355
12	2063/2400	3503/2880	29879983/19584000	1258199507/587520000	890766600
13	2063/2400	3503/2880	534599473/587520000	29879983/19584000	876528296
14	2063/2400	3503/2880	5399983/18360000	534599473/587520000	721193103
15	19619/28800	2063/2400	372599983/36720000	20	880097035
16	19619/28800	2063/2400	127799983/24480000	372599983/36720000	889834817
17	19619/28800	2063/2400	1171799779/293760000	127799983/24480000	884774827
18	19619/28800	2063/2400	404999881/146880000	1171799779/293760000	892481223
19	19619/28800	2063/2400	1258199507/587520000	404999881/146880000	885203671
20	19619/28800	2063/2400	29879983/19584000	1258199507/587520000	881524916
21	19619/28800	2063/2400	5399983/18360000	29879983/19584000	891798821
22	7241/14400	19619/28800	372599983/36720000	20	879993000
23	7241/14400	19619/28800	127799983/24480000	372599983/36720000	889730782
24	7241/14400	19619/28800	1171799779/293760000	127799983/24480000	884670792
25	7241/14400	19619/28800	404999881/146880000	1171799779/293760000	892377187
26	7241/14400	19619/28800	1258199507/587520000	404999881/146880000	885099636
27	7241/14400	19619/28800	29879983/19584000	1258199507/587520000	881420881
28	7241/14400	19619/28800	5399983/18360000	29879983/19584000	891694786
29	23827/57600	7241/14400	372599983/36720000	20	874214822
30	23827/57600	7241/14400	127799983/24480000	372599983/36720000	883952604
31	23827/57600	7241/14400	404999881/146880000	127799983/24480000	897133292
32	23827/57600	7241/14400	29879983/19584000	404999881/146880000	895209320
33	23827/57600	7241/14400	5399983/18360000	29879983/19584000	885916608
34	42517/115200	23827/57600	372599983/36720000	20	872193818
35	42517/115200	23827/57600	127799983/24480000	372599983/36720000	881931601
36	42517/115200	23827/57600	404999881/146880000	127799983/24480000	895112289
37	42517/115200	23827/57600	29879983/19584000	404999881/146880000	893188317
38	42517/115200	23827/57600	5399983/18360000	29879983/19584000	883871742
39	623/1920	42517/115200	372599983/36720000	20	885206861
40	623/1920	42517/115200	127799983/24480000	372599983/36720000	894944643
41	623/1920	42517/115200	1171799779/293760000	127799983/24480000	889884653
42	623/1920	42517/115200	404999881/146880000	1171799779/293760000	897591049
43	623/1920	42517/115200	1258199507/587520000	404999881/146880000	890313498
44	623/1920	42517/115200	29879983/19584000	1258199507/587520000	886634742
45	623/1920	42517/115200	5399983/18360000	29879983/19584000	880751230
46	69623/230400	623/1920	2575799983/146880000	20	883804604
47	32243/115200	69623/230400	2575799983/146880000	20	895386268
48	13553/57600	32243/115200	2575799983/146880000	20	898698122
49	263/1800	13553/57600	2575799983/146880000	20	881919969
50	69623/230400	623/1920	1106999983/73440000	2575799983/146880000	884117386
51	32243/115200	69623/230400	1106999983/73440000	2575799983/146880000	895699050
52	13553/57600	32243/115200	1106999983/73440000	2575799983/146880000	899010904
53	263/1800	13553/57600	1106999983/73440000	2575799983/146880000	882232752
54	69623/230400	623/1920	813239983/58752000	1106999983/73440000	883451970
55	32243/115200	69623/230400	813239983/58752000	1106999983/73440000	895033634
56	13553/57600	32243/115200	813239983/58752000	1106999983/73440000	898345488
57	263/1800	13553/57600	813239983/58752000	1106999983/73440000	881567336
58	69623/230400	623/1920	617399983/48960000	813239983/58752000	883621462
59	32243/115200	69623/230400	617399983/48960000	813239983/58752000	895203126
60	13553/57600	32243/115200	617399983/48960000	813239983/58752000	898514980
61	263/1800	13553/57600	617399983/48960000	813239983/58752000	881736827
62	69623/230400	623/1920	3342599881/293760000	617399983/48960000	883876831
63	32243/115200	69623/230400	3342599881/293760000	617399983/48960000	895458495
64	13553/57600	32243/115200	3342599881/293760000	617399983/48960000	898770349
65	263/1800	13553/57600	3342599881/293760000	617399983/48960000	881992197
66	69623/230400	623/1920	372599983/36720000	3342599881/293760000	884269523
67	32243/115200	69623/230400	372599983/36720000	3342599881/293760000	895851187
68	13553/57600	32243/115200	372599983/36720000	3342599881/293760000	899163042
69	263/1800	13553/57600	372599983/36720000	3342599881/293760000	882384889
70	69623/230400	623/1920	329399983/34560000	372599983/36720000	883527606
71	32243/115200	69623/230400	329399983/34560000	372599983/36720000	895109270
72	13553/57600	32243/115200	329399983/34560000	372599983/36720000	898421124
73	263/1800	13553/57600	329399983/34560000	372599983/36720000	881642971
74	69623/230400	623/1920	290999983/32640000	329399983/34560000	883745510
75	32243/115200	69623/230400	290999983/32640000	329399983/34560000	895327174
76	13553/57600	32243/115200	290999983/32640000	329399983/34560000	898639028
77	263/1800	13553/57600	290999983/32640000	329399983/34560000	881860876
78	69623/230400	623/1920	4876199677/587520000	290999983/32640000	884035572
79	32243/115200	69623/230400	4876199677/587520000	290999983/32640000	895617236
80	13553/57600	32243/115200	4876199677/587520000	290999983/32640000	898929090
81	263/1800	13553/57600	4876199677/587520000	290999983/32640000	882150938
82	69623/230400	623/1920	225719983/29376000	4876199677/587520000	884424022
83	32243/115200	69623/230400	225719983/29376000	4876199677/587520000	896005686
84	13553/57600	32243/115200	225719983/29376000	4876199677/587520000	899317540
85	263/1800	13553/57600	225719983/29376000	4876199677/587520000	882539388
86	69623/230400	623/1920	1384199881/195840000	225719983/29376000	884945815
87	32243/115200	69623/230400	1384199881/195840000	225719983/29376000	896527479
88	13553/57600	32243/115200	1384199881/195840000	225719983/29376000	899839334
89	263/1800	13553/57600	1384199881/195840000	225719983/29376000	883061181
90	69623/230400	623/1920	7943399269/1175040000	1384199881/195840000	884210788
91	32243/115200	69623/230400	7943399269/1175040000	1384199881/195840000	895774614
92	13553/57600	32243/115200	7943399269/1175040000	1384199881/195840000	899104306
93	263/1800	13553/57600	7943399269/1175040000	1384199881/195840000	882326154
94	69623/230400	623/1920	1895399813/293760000	7943399269/1175040000	884490210
95	32243/115200	69623/230400	1895399813/293760000	7943399269/1175040000	896071874
96	13553/57600	32243/115200	1895399813/293760000	7943399269/1175040000	899383728
97	263/1800	13553/57600	1895399813/293760000	7943399269/1175040000	882605576
98	69623/230400	623/1920	160439983/26112000	1895399813/293760000	884813614
99	32243/115200	69623/230400	160439983/26112000	1895399813/293760000	896395278
100	13553/57600	32243/115200	160439983/26112000	1895399813/293760000	899707133
101	263/1800	13553/57600	160439983/26112000	1895399813/293760000	882928980
102	69623/230400	623/1920	3428999609/587520000	160439983/26112000	885185420
103	32243/115200	69623/230400	3428999609/587520000	160439983/26112000	896767084
104	19783/76800	32243/115200	3428999609/587520000	160439983/26112000	897964942
105	13553/57600	19783/76800	3428999609/587520000	160439983/26112000	891636537
106	263/1800	13553/57600	3428999609/587520000	160439983/26112000	883300786
107	69623/230400	623/1920	6496199201/1175040000	3428999609/587520000	885596948
108	32243/115200	69623/230400	6496199201/1175040000	3428999609/587520000	897178612
109	19783/76800	32243/115200	6496199201/1175040000	3428999609/587520000	898376470
110	13553/57600	19783/76800	6496199201/1175040000	3428999609/587520000	892048065
111	263/1800	13553/57600	6496199201/1175040000	3428999609/587520000	883712313
112	69623/230400	623/1920	127799983/24480000	6496199201/1175040000	886087573
113	32243/115200	69623/230400	127799983/24480000	6496199201/1175040000	897669237
114	19783/76800	32243/115200	127799983/24480000	6496199201/1175040000	898867095
115	13553/57600	19783/76800	127799983/24480000	6496199201/1175040000	892538691
116	263/1800	13553/57600	127799983/24480000	6496199201/1175040000	884202939
117	69623/230400	623/1920	11906998351/2350080000	127799983/24480000	885368636
118	32243/115200	69623/230400	11906998351/2350080000	127799983/24480000	896942030
119	19783/76800	32243/115200	11906998351/2350080000	127799983/24480000	898148158
120	13553/57600	19783/76800	11906998351/2350080000	127799983/24480000	891819754
121	263/1800	13553/57600	11906998351/2350080000	127799983/24480000	883484002
122	69623/230400	623/1920	5772599167/1175040000	11906998351/2350080000	885582769
123	32243/115200	69623/230400	5772599167/1175040000	11906998351/2350080000	897164433
124	19783/76800	32243/115200	5772599167/1175040000	11906998351/2350080000	898362291
125	13553/57600	19783/76800	5772599167/1175040000	11906998351/2350080000	892033886
126	263/1800	13553/57600	5772599167/1175040000	11906998351/2350080000	883698135
127	69623/230400	623/1920	1242599813/261120000	5772599167/1175040000	885804112
128	32243/115200	69623/230400	1242599813/261120000	5772599167/1175040000	897385776
129	19783/76800	32243/115200	1242599813/261120000	5772599167/1175040000	898583635
130	13553/57600	19783/76800	1242599813/261120000	5772599167/1175040000	892255230
131	263/1800	13553/57600	1242599813/261120000	5772599167/1175040000	883919478
132	69623/230400	623/1920	108215983/23500800	1242599813/261120000	886030983
133	32243/115200	69623/230400	108215983/23500800	1242599813/261120000	897612647
134	19783/76800	32243/115200	108215983/23500800	1242599813/261120000	898810505
135	13553/57600	19783/76800	108215983/23500800	1242599813/261120000	892482100
136	263/1800	13553/57600	108215983/23500800	1242599813/261120000	884146348
137	69623/230400	623/1920	10459798283/2350080000	108215983/23500800	886261130
138	32243/115200	69623/230400	10459798283/2350080000	108215983/23500800	897842794
139	19783/76800	32243/115200	10459798283/2350080000	108215983/23500800	899040652
140	13553/57600	19783/76800	10459798283/2350080000	108215983/23500800	892712248
141	263/1800	13553/57600	10459798283/2350080000	108215983/23500800	884376496
142	69623/230400	623/1920	98999983/23040000	10459798283/2350080000	886491613
143	32243/115200	69623/230400	98999983/23040000	10459798283/2350080000	898073277
144	19783/76800	32243/115200	98999983/23040000	10459798283/2350080000	899271135
145	13553/57600	19783/76800	98999983/23040000	10459798283/2350080000	892942731
146	263/1800	13553/57600	98999983/23040000	10459798283/2350080000	884606979
147	69623/230400	623/1920	9736198249/2350080000	98999983/23040000	886718642
148	32243/115200	69623/230400	9736198249/2350080000	98999983/23040000	898300306
149	19783/76800	32243/115200	9736198249/2350080000	98999983/23040000	899498164
150	13553/57600	19783/76800	9736198249/2350080000	98999983/23040000	893169759
151	263/1800	13553/57600	9736198249/2350080000	98999983/23040000	884834008
152	69623/230400	623/1920	1171799779/293760000	9736198249/2350080000	886937385
153	32243/115200	69623/230400	1171799779/293760000	9736198249/2350080000	898519049
154	19783/76800	32243/115200	1171799779/293760000	9736198249/2350080000	899716907
155	13553/57600	19783/76800	1171799779/293760000	9736198249/2350080000	893388502
156	263/1800	13553/57600	1171799779/293760000	9736198249/2350080000	885052751
157	69623/230400	623/1920	600839881/156672000	1171799779/293760000	887113401
158	32243/115200	69623/230400	600839881/156672000	1171799779/293760000	898695065
159	19783/76800	32243/115200	600839881/156672000	1171799779/293760000	899892923
160	13553/57600	19783/76800	600839881/156672000	1171799779/293760000	893564519
161	263/1800	13553/57600	600839881/156672000	1171799779/293760000	885228767
162	69623/230400	623/1920	4325399099/1175040000	600839881/156672000	887323993
163	32243/115200	69623/230400	4325399099/1175040000	600839881/156672000	898905656
164	24767/92160	32243/115200	4325399099/1175040000	600839881/156672000	897406010
165	19783/76800	24767/92160	4325399099/1175040000	600839881/156672000	895990768
166	13553/57600	19783/76800	4325399099/1175040000	600839881/156672000	893775110
167	263/1800	13553/57600	4325399099/1175040000	600839881/156672000	885439358
168	69623/230400	623/1920	5646598793/1566720000	4325399099/1175040000	886421454
169	32243/115200	69623/230400	5646598793/1566720000	4325399099/1175040000	898003118
170	19783/76800	32243/115200	5646598793/1566720000	4325399099/1175040000	899200976
171	13553/57600	19783/76800	5646598793/1566720000	4325399099/1175040000	892872571
172	263/1800	13553/57600	5646598793/1566720000	4325399099/1175040000	884536820
173	69623/230400	623/1920	8288998181/2350080000	5646598793/1566720000	886450872
174	32243/115200	69623/230400	8288998181/2350080000	5646598793/1566720000	898032536
175	19783/76800	32243/115200	8288998181/2350080000	5646598793/1566720000	899217643
176	13553/57600	19783/76800	8288998181/2350080000	5646598793/1566720000	892889238
177	263/1800	13553/57600	8288998181/2350080000	5646598793/1566720000	884553487
178	69623/230400	623/1920	3243239269/940032000	8288998181/2350080000	886466753
179	32243/115200	69623/230400	3243239269/940032000	8288998181/2350080000	898048417
180	19783/76800	32243/115200	3243239269/940032000	8288998181/2350080000	898921892
181	13553/57600	19783/76800	3243239269/940032000	8288998181/2350080000	892593488
182	263/1800	13553/57600	3243239269/940032000	8288998181/2350080000	884257736
183	69623/230400	623/1920	73399983/21760000	3243239269/940032000	886467096
184	32243/115200	69623/230400	73399983/21760000	3243239269/940032000	898012091
185	19783/76800	32243/115200	73399983/21760000	3243239269/940032000	898515210
186	13553/57600	19783/76800	73399983/21760000	3243239269/940032000	892186805
187	263/1800	13553/57600	73399983/21760000	3243239269/940032000	883851053
188	69623/230400	623/1920	15492596311/4700160000	73399983/21760000	886449662
189	32243/115200	69623/230400	15492596311/4700160000	73399983/21760000	897822520
190	19783/76800	32243/115200	15492596311/4700160000	73399983/21760000	897990610
191	13553/57600	19783/76800	15492596311/4700160000	73399983/21760000	891662205
192	263/1800	13553/57600	15492596311/4700160000	73399983/21760000	883326454
193	69623/230400	623/1920	7565398147/2350080000	15492596311/4700160000	886411952
194	32243/115200	69623/230400	7565398147/2350080000	15492596311/4700160000	897502709
195	13553/57600	32243/115200	7565398147/2350080000	15492596311/4700160000	899419617
196	263/1800	13553/57600	7565398147/2350080000	15492596311/4700160000	882641465
197	69623/230400	623/1920	4922998759/1566720000	7565398147/2350080000	886351170
198	32243/115200	69623/230400	4922998759/1566720000	7565398147/2350080000	897042462
199	13553/57600	32243/115200	4922998759/1566720000	7565398147/2350080000	898361423
200	263/1800	13553/57600	4922998759/1566720000	7565398147/2350080000	881583271
201	69623/230400	623/1920	720359813/235008000	4922998759/1566720000	886264185
202	32243/115200	69623/230400	720359813/235008000	4922998759/1566720000	896430414
203	13553/57600	32243/115200	720359813/235008000	4922998759/1566720000	897297410
204	263/1800	13553/57600	720359813/235008000	4922998759/1566720000	880519258
205	69623/230400	623/1920	826199779/276480000	720359813/235008000	886108085
206	32243/115200	69623/230400	826199779/276480000	720359813/235008000	895614462
207	13553/57600	32243/115200	826199779/276480000	720359813/235008000	896184834
208	263/1800	13553/57600	826199779/276480000	720359813/235008000	879406682
209	69623/230400	623/1920	2280599371/783360000	826199779/276480000	885822467
210	32243/115200	69623/230400	2280599371/783360000	826199779/276480000	894666551
211	13553/57600	32243/115200	2280599371/783360000	826199779/276480000	895138637
212	263/1800	13553/57600	2280599371/783360000	826199779/276480000	878360485
213	69623/230400	623/1920	13321796209/4700160000	2280599371/783360000	885479985
214	32243/115200	69623/230400	13321796209/4700160000	2280599371/783360000	893677403
215	13553/57600	32243/115200	13321796209/4700160000	2280599371/783360000	894120999
216	263/1800	13553/57600	13321796209/4700160000	2280599371/783360000	877342846
217	32243/115200	623/1920	404999881/146880000	13321796209/4700160000	899435548
218	13553/57600	32243/115200	404999881/146880000	13321796209/4700160000	892727811
219	263/1800	13553/57600	404999881/146880000	13321796209/4700160000	875949659
220	32243/115200	623/1920	55991983/20889600	404999881/146880000	898168749
221	13553/57600	32243/115200	55991983/20889600	404999881/146880000	891103153
222	263/1800	13553/57600	55991983/20889600	404999881/146880000	874325000
223	32243/115200	623/1920	6118198079/2350080000	55991983/20889600	896628232
224	13553/57600	32243/115200	6118198079/2350080000	55991983/20889600	889172888
225	263/1800	13553/57600	6118198079/2350080000	55991983/20889600	872394736
226	32243/115200	623/1920	11874596141/4700160000	6118198079/2350080000	894798966
227	13553/57600	32243/115200	11874596141/4700160000	6118198079/2350080000	887343622
228	263/1800	13553/57600	11874596141/4700160000	6118198079/2350080000	870565469
229	32243/115200	623/1920	959399677/391680000	11874596141/4700160000	893070977
230	13553/57600	32243/115200	959399677/391680000	11874596141/4700160000	885615633
231	263/1800	13553/57600	959399677/391680000	11874596141/4700160000	868837481
232	263/1800	623/1920	11150996107/4700160000	959399677/391680000	899466038
233	263/1800	623/1920	1078919609/470016000	11150996107/4700160000	897014696
234	263/1800	623/1920	1258199507/587520000	1078919609/470016000	896020131
235	263/1800	623/1920	2154598997/1175040000	1258199507/587520000	894908193
236	263/1800	623/1920	29879983/19584000	2154598997/1175040000	873119003
237	263/1800	623/1920	5399983/18360000	29879983/19584000	869511340
